log_date,app_id,utm_source,sum_duration,users
2022-11-30,Android,AdShmop,479820.0,52
2022-11-30,Android,IronSink,198300.0,22
2022-11-30,Android,Mota,65820.0,7
2022-11-30,Android,organic,4189320.0,486
2022-11-30,iOS,AdShmop,1287660.0,148
2022-11-30,iOS,IronSink,477840.0,57
2022-11-30,iOS,Mota,86400.0,11
2022-11-30,iOS,organic,9582000.0,1132
2022-11-30,PC,AdShmop,631560.0,79
2022-11-30,PC,IronSink,192480.0,26
2022-11-30,PC,Mota,61500.0,8
2022-11-30,PC,organic,5232060.0,607
2022-11-30,Web,AdShmop,210300.0,25
2022-11-30,Web,IronSink,191040.0,23
2022-11-30,Web,Mota,31320.0,4
2022-11-30,Web,organic,2283360.0,265
2022-12-01,Android,AdShmop,521520.0,61
2022-12-01,Android,IronSink,363300.0,40
2022-12-01,Android,Mota,72840.0,8
2022-12-01,Android,organic,4672380.0,542
2022-12-01,iOS,AdShmop,1027560.0,117
2022-12-01,iOS,IronSink,744900.0,76
2022-12-01,iOS,Mota,206340.0,25
2022-12-01,iOS,organic,10385280.0,1174
2022-12-01,PC,AdShmop,768600.0,85
2022-12-01,PC,IronSink,295200.0,37
2022-12-01,PC,Mota,87900.0,8
2022-12-01,PC,organic,5686860.0,652
2022-12-01,Web,AdShmop,301920.0,33
2022-12-01,Web,IronSink,179280.0,21
2022-12-01,Web,Mota,18900.0,3
2022-12-01,Web,organic,2353800.0,263
2022-12-02,Android,AdShmop,591420.0,69
2022-12-02,Android,IronSink,429960.0,48
2022-12-02,Android,Mota,99120.0,10
2022-12-02,Android,organic,4600920.0,534
2022-12-02,iOS,AdShmop,1351500.0,149
2022-12-02,iOS,IronSink,529020.0,61
2022-12-02,iOS,Mota,192780.0,23
2022-12-02,iOS,organic,10067520.0,1146
2022-12-02,PC,AdShmop,736080.0,86
2022-12-02,PC,IronSink,326460.0,35
2022-12-02,PC,Mota,78360.0,10
2022-12-02,PC,organic,6002340.0,684
2022-12-02,Web,AdShmop,305340.0,35
2022-12-02,Web,IronSink,137220.0,15
2022-12-02,Web,Mota,56520.0,6
2022-12-02,Web,organic,2271660.0,259
2022-12-03,Android,AdShmop,594540.0,67
2022-12-03,Android,IronSink,361020.0,41
2022-12-03,Android,Mota,50340.0,7
2022-12-03,Android,organic,4339920.0,498
2022-12-03,iOS,AdShmop,1423560.0,166
2022-12-03,iOS,IronSink,548640.0,64
2022-12-03,iOS,Mota,169380.0,21
2022-12-03,iOS,organic,10257180.0,1181
2022-12-03,PC,AdShmop,799560.0,94
2022-12-03,PC,IronSink,247320.0,29
2022-12-03,PC,Mota,107400.0,12
2022-12-03,PC,organic,5735520.0,668
2022-12-03,Web,AdShmop,419760.0,48
2022-12-03,Web,IronSink,149760.0,18
2022-12-03,Web,Mota,58980.0,7
2022-12-03,Web,organic,2395080.0,281
2022-12-04,Android,AdShmop,594540.0,71
2022-12-04,Android,IronSink,352620.0,43
2022-12-04,Android,Mota,91320.0,12
2022-12-04,Android,organic,4282140.0,493
2022-12-04,iOS,AdShmop,1470780.0,176
2022-12-04,iOS,IronSink,542700.0,61
2022-12-04,iOS,Mota,205740.0,22
2022-12-04,iOS,organic,10335480.0,1185
2022-12-04,PC,AdShmop,807060.0,96
2022-12-04,PC,IronSink,379080.0,41
2022-12-04,PC,Mota,110160.0,13
2022-12-04,PC,organic,5528880.0,647
2022-12-04,Web,AdShmop,333180.0,38
2022-12-04,Web,IronSink,135600.0,14
2022-12-04,Web,Mota,34560.0,3
2022-12-04,Web,organic,2358360.0,280
2022-12-05,Android,AdShmop,645180.0,69
2022-12-05,Android,IronSink,357960.0,41
2022-12-05,Android,Mota,49920.0,7
2022-12-05,Android,organic,4631460.0,542
2022-12-05,iOS,AdShmop,1335900.0,146
2022-12-05,iOS,IronSink,576120.0,62
2022-12-05,iOS,Mota,257460.0,29
2022-12-05,iOS,organic,10598820.0,1223
2022-12-05,PC,AdShmop,711180.0,81
2022-12-05,PC,IronSink,239580.0,31
2022-12-05,PC,Mota,75600.0,9
2022-12-05,PC,organic,5986920.0,680
2022-12-05,Web,AdShmop,270180.0,31
2022-12-05,Web,IronSink,52440.0,7
2022-12-05,Web,Mota,33300.0,4
2022-12-05,Web,organic,2322600.0,275
2022-12-06,Android,AdShmop,564000.0,73
2022-12-06,Android,IronSink,260040.0,29
2022-12-06,Android,Mota,89160.0,12
2022-12-06,Android,organic,4309920.0,499
2022-12-06,iOS,AdShmop,1075560.0,131
2022-12-06,iOS,IronSink,392100.0,50
2022-12-06,iOS,Mota,189180.0,21
2022-12-06,iOS,organic,9956700.0,1136
2022-12-06,PC,AdShmop,789420.0,88
2022-12-06,PC,IronSink,285660.0,32
2022-12-06,PC,Mota,130920.0,13
2022-12-06,PC,organic,5649480.0,638
2022-12-06,Web,AdShmop,323580.0,40
2022-12-06,Web,IronSink,101460.0,12
2022-12-06,Web,Mota,20520.0,3
2022-12-06,Web,organic,2293680.0,267
2022-12-07,Android,AdShmop,711720.0,72
2022-12-07,Android,IronSink,299460.0,31
2022-12-07,Android,Mota,98340.0,10
2022-12-07,Android,organic,4636200.0,527
2022-12-07,iOS,AdShmop,1423860.0,157
2022-12-07,iOS,IronSink,506100.0,55
2022-12-07,iOS,Mota,152580.0,16
2022-12-07,iOS,organic,9982680.0,1135
2022-12-07,PC,AdShmop,834360.0,96
2022-12-07,PC,IronSink,304980.0,34
2022-12-07,PC,Mota,119220.0,13
2022-12-07,PC,organic,5107080.0,585
2022-12-07,Web,AdShmop,345480.0,39
2022-12-07,Web,IronSink,146820.0,19
2022-12-07,Web,Mota,39420.0,4
2022-12-07,Web,organic,2529360.0,281
2022-12-08,Android,AdShmop,506940.0,59
2022-12-08,Android,IronSink,146520.0,18
2022-12-08,Android,Mota,41880.0,5
2022-12-08,Android,organic,4559520.0,519
2022-12-08,iOS,AdShmop,1290600.0,138
2022-12-08,iOS,IronSink,458940.0,54
2022-12-08,iOS,Mota,122340.0,14
2022-12-08,iOS,organic,9466320.0,1107
2022-12-08,PC,AdShmop,989100.0,105
2022-12-08,PC,IronSink,351000.0,35
2022-12-08,PC,Mota,115260.0,13
2022-12-08,PC,organic,5478300.0,623
2022-12-08,Web,AdShmop,311700.0,35
2022-12-08,Web,IronSink,86340.0,11
2022-12-08,Web,Mota,12780.0,2
2022-12-08,Web,organic,2355060.0,272
2022-12-09,Android,AdShmop,625320.0,68
2022-12-09,Android,IronSink,157860.0,18
2022-12-09,Android,Mota,66180.0,8
2022-12-09,Android,organic,4483260.0,514
2022-12-09,iOS,AdShmop,1329720.0,152
2022-12-09,iOS,IronSink,458400.0,57
2022-12-09,iOS,Mota,152700.0,17
2022-12-09,iOS,organic,9868920.0,1117
2022-12-09,PC,AdShmop,711120.0,82
2022-12-09,PC,IronSink,204900.0,25
2022-12-09,PC,Mota,124260.0,15
2022-12-09,PC,organic,5502960.0,627
2022-12-09,Web,AdShmop,300780.0,33
2022-12-09,Web,IronSink,113460.0,12
2022-12-09,Web,Mota,8100.0,1
2022-12-09,Web,organic,2497020.0,277
2022-12-10,Android,AdShmop,775200.0,87
2022-12-10,Android,IronSink,229980.0,29
2022-12-10,Android,Mota,94320.0,11
2022-12-10,Android,organic,4565160.0,533
2022-12-10,iOS,AdShmop,1392480.0,159
2022-12-10,iOS,IronSink,623700.0,68
2022-12-10,iOS,Mota,130320.0,19
2022-12-10,iOS,organic,10093080.0,1161
2022-12-10,PC,AdShmop,773040.0,84
2022-12-10,PC,IronSink,299640.0,37
2022-12-10,PC,Mota,144660.0,15
2022-12-10,PC,organic,5512860.0,632
2022-12-10,Web,AdShmop,292140.0,37
2022-12-10,Web,IronSink,119400.0,13
2022-12-10,Web,Mota,53460.0,6
2022-12-10,Web,organic,2291220.0,265
2022-12-11,Android,AdShmop,743100.0,87
2022-12-11,Android,IronSink,181140.0,22
2022-12-11,Android,Mota,70440.0,8
2022-12-11,Android,organic,4394820.0,510
2022-12-11,iOS,AdShmop,1387440.0,160
2022-12-11,iOS,IronSink,553620.0,63
2022-12-11,iOS,Mota,124260.0,14
2022-12-11,iOS,organic,9938040.0,1137
2022-12-11,PC,AdShmop,788820.0,94
2022-12-11,PC,IronSink,318540.0,38
2022-12-11,PC,Mota,137880.0,12
2022-12-11,PC,organic,5777280.0,660
2022-12-11,Web,AdShmop,251940.0,31
2022-12-11,Web,IronSink,151980.0,16
2022-12-11,Web,Mota,55860.0,7
2022-12-11,Web,organic,2247540.0,250
2022-12-12,Android,AdShmop,815700.0,88
2022-12-12,Android,IronSink,286380.0,33
2022-12-12,Android,Mota,110160.0,14
2022-12-12,Android,organic,4218960.0,490
2022-12-12,iOS,AdShmop,1652400.0,187
2022-12-12,iOS,IronSink,468840.0,54
2022-12-12,iOS,Mota,172500.0,19
2022-12-12,iOS,organic,9629280.0,1092
2022-12-12,PC,AdShmop,878700.0,94
2022-12-12,PC,IronSink,307140.0,32
2022-12-12,PC,Mota,101940.0,11
2022-12-12,PC,organic,5219820.0,590
2022-12-12,Web,AdShmop,325020.0,36
2022-12-12,Web,IronSink,53400.0,8
2022-12-12,Web,Mota,64140.0,7
2022-12-12,Web,organic,2572740.0,293
2022-12-13,Android,AdShmop,667920.0,77
2022-12-13,Android,IronSink,267660.0,32
2022-12-13,Android,Mota,76860.0,9
2022-12-13,Android,organic,4244220.0,471
2022-12-13,iOS,AdShmop,1414920.0,163
2022-12-13,iOS,IronSink,406020.0,45
2022-12-13,iOS,Mota,234840.0,28
2022-12-13,iOS,organic,9640860.0,1089
2022-12-13,PC,AdShmop,929280.0,104
2022-12-13,PC,IronSink,400500.0,46
2022-12-13,PC,Mota,103740.0,11
2022-12-13,PC,organic,5556360.0,632
2022-12-13,Web,AdShmop,335760.0,41
2022-12-13,Web,IronSink,137760.0,14
2022-12-13,Web,Mota,16740.0,2
2022-12-13,Web,organic,2402040.0,287
